{
    "Score": [
        1.85,
        9.1
    ],
    "Genres": [
        "Genres_Action",
        "Genres_Award Winning",
        "Genres_Sci-Fi",
        "Genres_Adventure",
        "Genres_Drama",
        "Genres_Mystery",
        "Genres_Supernatural",
        "Genres_Fantasy",
        "Genres_Sports",
        "Genres_Comedy",
        "Genres_Romance",
        "Genres_Slice of Life",
        "Genres_Suspense",
        "Genres_Ecchi",
        "Genres_Gourmet",
        "Genres_Avant Garde",
        "Genres_Horror",
        "Genres_Girls Love",
        "Genres_Boys Love",
        "Genres_Hentai",
        "Genres_Erotica"
    ],
    "Episodes": [
        1.0,
        99.0
    ],
    "Premiered": [
        1961.0,
        2025.75
    ],
    "Status": [
        "Status_Finished Airing",
        "Status_Currently Airing",
        "Status_Not yet aired"
    ],
    "Producers": [
        "Producers_Fuji TV",
        "Producers_Shueisha",
        "Producers_Tencent Penguin Pictures",
        "Producers_Tokyo MX",
        "Producers_BS11",
        "Producers_Kadokawa",
        "Producers_bilibili",
        "Producers_Bushiroad",
        "Producers_Nippon Television Network",
        "Producers_TV Tokyo",
        "Producers_Dentsu",
        "Producers_Pony Canyon",
        "Producers_Kodansha",
        "Producers_Shogakukan",
        "Producers_Aniplex",
        "Producers_Movic",
        "Producers_Square Enix",
        "Producers_Frontier Works",
        "Producers_Lantis",
        "Producers_AT-X",
        "Producers_TV Asahi",
        "Producers_NHK",
        "Producers_Shogakukan-Shueisha Productions",
        "Producers_Warner Bros. Japan",
        "Producers_KlockWorx",
        "Producers_Mainichi Broadcasting System",
        "Producers_Nippon Columbia",
        "Producers_Good Smile Company",
        "Producers_Sanrio",
        "Producers_Pink Pineapple",
        "Producers_Mediabank",
        "Producers_Sotsu",
        "Producers_Toho",
        "Producers_flying DOG",
        "Producers_DAX Production",
        "Producers_Half H.P Studio",
        "Producers_Shochiku",
        "Producers_VAP",
        "Producers_Avex Pictures",
        "Producers_TOHO animation",
        "Producers_Magic Capsule",
        "Producers_TBS",
        "Producers_Genco",
        "Producers_Kadokawa Shoten",
        "Producers_Geneon Universal Entertainment",
        "Producers_Media Factory",
        "Producers_Nihon Ad Systems",
        "Producers_Bandai Visual",
        "Producers_Sony Music Entertainment",
        "Producers_Showgate",
        "Producers_Milky Animation Label",
        "Producers_MS Pictures",
        "Producers_Starchild Records",
        "Producers_Hakuhodo DY Music & Pictures",
        "Producers_Victor Entertainment",
        "Producers_Gakken"
    ],
    "Licensors": [
        "Licensors_Sentai Filmworks",
        "Licensors_ADV Films",
        "Licensors_Kitty Media",
        "Licensors_Media Blasters",
        "Licensors_Crunchyroll",
        "Licensors_Funimation",
        "Licensors_Bandai Entertainment",
        "Licensors_Discotek Media",
        "Licensors_Aniplex of America",
        "Licensors_VIZ Media",
        "Licensors_Geneon Entertainment USA",
        "Licensors_Central Park Media",
        "Licensors_Nozomi Entertainment"
    ],
    "Studios": [
        "Studios_Bones",
        "Studios_Satelight",
        "Studios_Sunrise",
        "Studios_Pierrot",
        "Studios_AIC",
        "Studios_Xebec",
        "Studios_Gonzo",
        "Studios_A-1 Pictures",
        "Studios_Madhouse",
        "Studios_Production I.G",
        "Studios_Studio Deen",
        "Studios_Nippon Animation",
        "Studios_Toei Animation",
        "Studios_OLM",
        "Studios_Shaft",
        "Studios_J.C.Staff",
        "Studios_Shin-Ei Animation",
        "Studios_TMS Entertainment",
        "Studios_DLE",
        "Studios_Brain's Base",
        "Studios_Arms",
        "Studios_Kyoto Animation",
        "Studios_Tatsunoko Production",
        "Studios_SILVER LINK.",
        "Studios_T-Rex",
        "Studios_Shanghai Animation Film Studio"
    ],
    "Source": [
        "Source_Original",
        "Source_Visual novel",
        "Source_Manga",
        "Source_Web manga",
        "Source_Other",
        "Source_Game",
        "Source_Light novel",
        "Source_Book",
        "Source_Novel",
        "Source_4-koma manga",
        "Source_Picture book",
        "Source_Mixed media",
        "Source_Music"
    ]
}